name,chip_name,sequence,library_name,ec50_t,ec50_c
EEHEE_31292,ladder_0,DESERVESNINNRREEYTVTKGPDPRERKEAETKAREISKKVRDNGGRVTIERNSGDQQSRTTRQ,Longxing_Dec_2017,0.9947376255643016,1.9298863693411668
HEEH_07585,ladder_1,DDRIRKLAETLVQIVEKVIKEGSRSTVDFSVNGNQYSVTVTEDPRDQSKAKKTVKTAADRAKSQ,Longxing_Dec_2017,0.8613511809543969,1.8914347456905896
HEEH_05146,ladder_2,NPLVETVEKLVDKAIEEFKKKGRPVRVTFQVAGVSLSVQIDSDPDKNRTLKKTVKTKAEKAVKK,Longxing_Dec_2017,1.0374228769428595,1.8211057583644208
EEHEE_17954,ladder_3,DVQIDVTVRLNGQNKRVQYHVPPNPEDVKEAEKRVQELATEAQKRGGSVRVTIHNGTDTQTSQYD,Longxing_Dec_2017,0.9988704327827428,1.4168628838885755
HEEH_23991,ladder_4,DEQEKKVEELVRDAIRKAQKTGRPVTVTYEVDGNRLTVTVSPDPREATEILKKVKKKLKELKDK,Longxing_Dec_2017,1.960228789067223,1.891748560187772
HEEH_21570,ladder_5,SEEVDKFSKYAKKLADQAHKQNTPVKVTVEVNGIRSSIDIDSDPTSVKTAKKLIDTLSKRLKDT,Longxing_Dec_2017,1.9539397470863853,1.8990148391064203
EHEE_03072,ladder_6,SETYTWTYEVTADSQEQLEDLVRKASKLAQKVSKELSSRGTDVKYDIKYRQDGKTVQIKVRFQSD,Longxing_Dec_2017,1.9663895494270447,1.9071546777503583
HEEH_22689,ladder_7,SDHVKRLADELRRALEEAEKQNKPVTVTLDNNGDKSTVELNSDPHYKKIATEVLETLEKQVKTK,Longxing_Dec_2017,1.9596863743701345,1.8672128823342715
HEEH_19213,ladder_8,DESSEKVKKEADELSKTAKKQNRPLDTTINVGGQRLKLTYDDDPDVRRKFKKVKDTATKLAKEQ,Longxing_Dec_2017,0.24572632145950696,0.0787881900992562
EHEE_08886,ladder_9,SSRETYQVDVPGNDEKAQKRAKDWSDTWKKRAEKKHKNSSSEVRVSVSYRTSGNTLTVHIEIREK,Longxing_Dec_2017,0.2806538835944805,0.21727865605989768
EHEE_01661,ladder_10,SDNIRRSRQYSFKDEEDVKTVTKKVKKEADEITKKAQDNADSVSVKLSYSTSGDTVTIEFQVRLK,Longxing_Dec_2017,0.04612596144317549,0.11176683249953988
HEEH_14017,ladder_11,DERVKAQLEAVQTAVEEARKQNRPVTVTVEVNGDRFTVHVDSDPRDQTRAQRRSEDLKRKLDTE,Longxing_Dec_2017,0.2193492673252672,1.9086402720099749
EHEE_01739,ladder_12,SESDRYTYQVTGPNPDQVKRATKTVQKISKEAKKKAKDRGTRVDVKYEVHSSGDTVNLDLQLKIE,Longxing_Dec_2017,0.34291756030774995,1.2303707342114318
HEEH_01452,ladder_13,SEDDETVTRLTRKVTKEAKKKGKPLEITLDFNGYEYRVRFDSDPDKVKKAAEKLVKDSKKLQTG,Longxing_Dec_2017,0.4397542429000445,0.1690548501435154
EHEE_01947,ladder_14,SSEYRYTVTYDDKDPRTTKKAEEIARKISQRLTEEARKRGQDVDVKVTKRSDGDVQNFHVSVEVN,Longxing_Dec_2017,0.45249062863978706,1.3273255738148555
HEEH_15455,ladder_15,DEAQKTVEKLYKDALTKAKKNNQSNTVQVEVNNVRVTLKVNTDPRDQTEAKKRLKKFNDIIKSQ,Longxing_Dec_2017,0.4585091639349997,1.6020911865855876
EEHEE_15423,ladder_16,DTTVKFRVDDNGNDKSTSVKLSSDPRDQKRVDQARKDATKLARKAGVSVEERHHDGDKTETREYK,Longxing_Dec_2017,-0.10072261571839414,0.2327040703246601
EEHEE_34702,ladder_17,TIKVEYSVELNGRDDRKSNTYREDPTDKKTAKDQNKKWSKKAKDRGGRFRVRFQDGTDRKDETYQ,Longxing_Dec_2017,-0.03807897312540226,0.2065234635452442
EEHEE_10510,ladder_18,SSTIHVRWQLNGETRQRDLKIGPDPREQKTAEKTANDIAKKIRKKGGDVKVETRNGSDRKSTSYK,Longxing_Dec_2017,-0.03830010019819452,0.161933185354261
HEEH_04456,ladder_19,DEEKTKLLTTALTRAKKALKNNQPLKVDLDVNNRKVTVRVDNDPRVRKQVKDIEKELKKDQKDE,Longxing_Dec_2017,-0.07145709503390751,1.1939160361049264
HEEH_07703,ladder_20,SPEDEKLEKEIKELVETARQLGRPLTWQDTYNGIKITVTIPSDPDEAKKASDLLRELVTKARRG,Longxing_Dec_2017,1.9498658037603482,2.008952246321066
HEEH_10245,ladder_21,TPEEDTRITKARKILETAVKRGERVSVSVNVAGLQIDVTVDSDPSQATEALKKFRQLVREARNK,Longxing_Dec_2017,1.8621772202023648,1.8547412790210611
HEEH_08273,ladder_22,SEEVKTTIERVKKTVEKAASSGQPYRITVDVNGQKYTIDVDSDPEKVKKIKKKLDKLLKKAEKD,Longxing_Dec_2017,1.8929631861121785,1.7793542735263002
HEEH_20030,ladder_23,DEVEEIAEKAVDTAQKIADELNGPYTLRVTKDGYEVKVTVDSDPTKRKRVTERLKKWWRDLQKK,Longxing_Dec_2017,1.9255203388033817,1.8826745205876136
EEHEE_08831,ladder_24,SFRVTLNFTKDGQHDSITIEVPPDPTEKKKAKDKAHKLAKKLADNGVPVTVQNDDGSSSSQIEYK,Longxing_Dec_2017,1.2439799701316214,0.5006966040358937
EEHEE_38102,ladder_25,SVRIELNSDNNGTTHRYEINVDQDPRERKKAQDKAKKISKEWQDQGVPVSITEHDGDDTQTTHVQ,Longxing_Dec_2017,1.2626062829862852,1.88929401300962
HEEH_15767,ladder_26,DEQAKKYKDIVDTAADTAVKQGRPLKVEVDVNNTRVDVDVQPDPRRSKTLKTEAEKTKKHLDKK,Longxing_Dec_2017,1.2715655128177556,1.1936951254296722
EHEE_07786,ladder_27,GDRQTRQKDVKAPDDEQTKKAKKEAKKFSDKVETEARRQGRDVKVRFSVRKDGTTVEVTVQFQID,Longxing_Dec_2017,1.1734745951618766,1.8280993128096399
HEEH_04917,ladder_28,SEESKTVLKKVETVIKKAQEEQKPVSIRVTVNGEKIDVTWDTDPREDQKAKELTKKVKKKLDNE,Longxing_Dec_2017,0.7554261461562591,1.6534722046301926
HEEH_17639,ladder_29,DENTKRIEQIVKEASKEAQKRGHPVQRQDTIDGVRVTFNVGPDPELAKEASKTVTKILKTEKKK,Longxing_Dec_2017,0.8389663720747469,1.4944463937173658
EHEE_12548,ladder_30,DSTEQIDVTFPTSDPSAEEEATKISEKLKREAEKQSKRDNQDVKVRYSVSQSNGTFHLTIQIHRR,Longxing_Dec_2017,0.5807767440141156,1.8477476241483912
HEEH_07169,ladder_31,DHVDEIVKKVVTTLNKLAEKTGDSNQYQVNLNGVQVTVDVDSDPRVQKKAKELVQDAARLAKER,Longxing_Dec_2017,0.6216412095432067,1.1797527718708976
HEEH_01860,ladder_32,SEKQETAKKLVQKASEEASRKNTTIRVTLEVDGRTVTVDVPPDPDKARKAVEKVRKLVKEVQDK,Longxing_Dec_2017,1.6417417945722064,1.9018420780330882
HEEH_09671,ladder_33,DELEKKAKKITEQAEREAKRDNRPVTVDVTVNGVKVTFTVTSNPEQVKEARKIFEDWKRKAENK,Longxing_Dec_2017,1.4635634516111815,1.8545498381672016
EEHEE_08024,ladder_34,SSKVKVEFNDNGNHSSETQTVGPDPSEDKKLTKEIEKKAQDVANKGVPVTVTRHDGDKTKQKHFQ,Longxing_Dec_2017,1.4817633164178148,1.2856685572818418
HEEH_05548,ladder_35,DPQADKARKLLDKAVTEADKKNTKVEVDITYFGITVKVEVDSDPRVKKEIKDLKKTVEKAERDG,Longxing_Dec_2017,1.4804651935374749,1.7953891633971188
EEHEE_40757,ladder_36,SVTVNVNVDNNGDEQRYQYHVGDSEDDKKTSKKVTDTITKKAHEANVPVRVQHDNGDKRSEQTYK,Longxing_Dec_2017,1.9032722207275872,1.0726254937633422
HEEH_20289,ladder_37,TEESEDAKRLLKEAVKEARKKGRPIDLTLQVYGFKIDVKVDTDPTNQKKVEKKVDKLIKTAENT,Longxing_Dec_2017,1.8503962990410416,1.0753983357386112
HEEH_04209,ladder_38,DEVEKTIKTILKKLVKEARKKNRPVSQTNTFAGVRVEIEVDDDPRVQKKVKDIAKTAQELYEKT,Longxing_Dec_2017,1.4003805937279554,0.8533061797046031
EHEE_09302,ladder_39,DVHFRVDSNKSKNDPTTKTKAEKEQKRVSTEAKKYAKDQNLKYREETKERKKDGNDTDQVQVDVR,Longxing_Dec_2017,1.0919964815995444,1.0061265523090688
EEHEE_07281,ladder_40,SVKIHLTVDNNGDKQQYDIQADDDPTNRSKAEQQQRTVEQRARDNNARVHTDRQDGDQKRTSTKE,Longxing_Dec_2017,0.5091782443298856,1.956708458853388
HEEH_22356,ladder_41,SEASEKLEKEAKKAQEQADRDQRPYTLTVNLKGQTYTLEFNTSPEARKKVKELLEKIKTQLDRQ,Longxing_Dec_2017,1.9797049857884992,1.9907191069834809
HEEH_09576,ladder_42,TPETEKAQTVVDRARKEAEKKNRPVKVTVNVLGLRFDITLDSDPEKNKEVQKKFDTLVKEAEKK,Longxing_Dec_2017,1.9331606928822544,1.9547746627321847
HEEH_03086,ladder_43,DEELKKVEKILKTIATKALEKNQPTTIDVTVNNVKVKVDIDSDPKKASEAVETVLQELERKIRD,Longxing_Dec_2017,1.9552505899986643,1.9828602820821384
HEEH_21573,ladder_44,DEKSKKLADTFVKLAQSALDKNTPLDVSVHINGLNFKVRVDSDPTDQKKVKKIVTTVEKLARRT,Longxing_Dec_2017,0.05291307058196215,0.16094973791700018
HEEH_22443,ladder_45,DEVKKTVTEILKRLVEEARKKNDKVTDTQDFKGLKVKFTVSQNPDEQEEAKRRAKKATEQIKRR,Longxing_Dec_2017,-0.06207967876233295,0.2942931658350997
HEEH_16161,ladder_46,SEELDKAKEKWKRAVEKARKRNTEVTVRVQYNGETREYRVSTDPDQTRKVEEKIDRDNEQLKRN,Longxing_Dec_2017,0.14218010909206208,0.10429915405832513
HEEH_09879,ladder_47,DEDSEKVRKFVEKAQRTAEKVGDRLDWTVNVKGINIKLTFDRDPTARTQVKKLTEKAEDIVKRK,Longxing_Dec_2017,0.1942356959028909,0.06127906864235527
HEEH_19496,ladder_48,SEAEKKIKTTFDTESTKAKEQNRPLDLKITVNGVQFNLEYDDDPNVKKKATKLIKKASDLLEKE,Longxing_Dec_2017,0.5262054602822108,0.5688503208824829
EEHEE_03647,ladder_49,SSSVTVKFSYNGQKYSYSVKLDDTSRKDELATKFKTKVSQYAREYNVPVNVTENNGSDSKTERYQ,Longxing_Dec_2017,0.2553436260777633,0.448869773745722
HEEH_15725,ladder_50,DPLAEEAYRKVQTILTKASKNKQPVDVKIKYDGRTETRTVPPDPTEIEKFRKEVEKLVKKLQKK,Longxing_Dec_2017,1.0172361338414713,0.4126112299630996
HEEH_21192,ladder_51,DEITEKLRKTYKKLTKEAQKKNRPITLRVTVNNISVQLLVDDDPNKQQTAREAVKKAHKIQNDR,Longxing_Dec_2017,1.2366131042718278,0.36019770896658004
EEHEE_05028,ladder_52,GSSTTFKVDNNGDKQEYRVKKGDSEEEKKTAKKLSDTINKDAKDKGSPVDYTERDGDKESRRTVQ,Longxing_Dec_2017,1.1263366656369005,-0.04966150469712388
EHEE_09709,ladder_53,GDSIRRRWRYKNPSPEQKKSLEDQIKTLSDTATKIAKKRGQRVEVRRSERTDGDSKTVTVEVQVD,Longxing_Dec_2017,0.13856869937117233,-0.029808000381375044
HEEH_14370,ladder_54,SEEREKVHRTVKTLAKSAVDKGTTYELRIDVNGRKVKIKIDSDPKKAEEAVETANKWIEKREKT,Longxing_Dec_2017,0.09598352209872396,0.008438391527944789
HEEH_22629,ladder_55,SEDDQRVIKTASKKVKTAIDNNQPFRVTFKLDGRKYELNVDSDPHEQTKVRETLKRLEKKAKTK,Longxing_Dec_2017,-0.03822642062743331,-0.01039417116882052
HEEH_19081,ladder_56,SPEDEKIKTKIDKLVKTAIDRGTSVTVQVEVNGKTINVHFPPDPEEAKKAVEWLRKILETIRDE,Longxing_Dec_2017,1.926426784387892,1.8940726717489087
EHEE_06354,ladder_57,SERYSIRITVPGTDERSKELLRQIKKKATEIVKKHANQYPRSYSYRIKTDTRNGNITVEIHVEIE,Longxing_Dec_2017,1.9066793476362849,1.9042330625939388
HEEH_13065,ladder_58,SPFSEKASKLVTTVAKKAREQNRPLQVTIDLNGTKVQVTVPDDPTEVKKLIDDLKRKAEKYENG,Longxing_Dec_2017,1.0552537644769868,1.9319900895515576
EHEE_01056,ladder_59,TTQEDINVTLPNASEDQAKKVSKELETRARELEKKVKSNGRPFRWSLKVTRDGSTFHIHLHNQYG,Longxing_Dec_2017,1.9394614218781068,1.7999597079977234
EHEE_11559,ladder_60,GDSQSWSVDVPPGDSESSDKARKTLRKLAETVQTKAKKNGIDVQVRERSDTRNGTLHFSVTVSFK,Longxing_Dec_2017,1.3548375403124209,1.1527327910769656
HEEH_11260,ladder_61,DPKAQKLVKTAQKLVDEARKKNQPFDFELEVNGEKVKVTVTTDPNQQTEVQKILDTVKKKADKG,Longxing_Dec_2017,1.0179176786241453,1.1927284168801249
HEEH_01304,ladder_62,SELEKTAHKLLNEAVEIVSKLGTPYTVRIDLNGRNVDIKLEPDPKKAQEIADKATKKINKEVRK,Longxing_Dec_2017,1.2072047215996908,1.3648508974635822
HEEH_10102,ladder_63,DPKQKTVKELLQTWVKKASDNNTPVTVNIQVDGKTIKVKLGSDPREAQEAADKALTKIRKDIKR,Longxing_Dec_2017,-0.03319184108001312,1.275863623916387
HEEH_04703,ladder_64,SEEEEKHEKTTKTLTKQAKKLGRPIKITYDFNGVQITVRFDSDPKKAREALKKVEKAEEHARKK,Longxing_Dec_2017,1.2365681212186606,0.6156090744061651
HEEH_19559,ladder_65,DKVEEIVKRLSTKARRTAEKRGDTVRVELNINNVRIEVDFTQNPEDQKKAQKKLDKATKKVKDT,Longxing_Dec_2017,-0.038005205146702026,0.5809468827344951
HEEH_24042,ladder_66,DETLEKIKKTADKLAKEASDKNTTIEVSWRYFNQDFRVELPPDEDTAKKLVKDVLDTIKQQNRN,Longxing_Dec_2017,1.8358102811441053,0.6588787703855239
HEEH_09067,ladder_67,SEDDKTAKEIATKALKEVQKKNRPYTQTIRFNGRDLKIKVTEDPEQSKRATELISKALHEQKKK,Longxing_Dec_2017,-0.03319184108001312,0.6146395818492367
HEEH_14816,ladder_68,DETARDLARKVTTHAQKLVDNRQPYSNSVNLFGTKITFSVDSDPSAQELVKTFKDIVDKLSKDE,Longxing_Dec_2017,1.3820311623422183,1.4587440743926696
HEEH_17666,ladder_69,DPTEEIVKKIVTKIRKDLDKLDDKLDLELTFDGRSIRVTLNKDPTAKKIAEKVVRHAVTVQVKK,Longxing_Dec_2017,0.5551481489172694,1.4333063882741324
HEEH_19024,ladder_70,DHYDETLEKVVKEALEQAKKQNRPVKWTITVAGFKVEVRVTTDPDEVTKIKKDVQRKLKKAVDK,Longxing_Dec_2017,-0.03807897312540226,1.4335550503148982
EEHEE_32432,ladder_71,SQTVKVRVNDNGDTKTIKVDVDDSPKYEDKARKVIEKVTKEARKRNAEVRVTRHDGDKTKKERYQ,Longxing_Dec_2017,-0.08395505619815563,1.482831392796775
MSirpa_0193,ladder_72,TYLSVYENEEKARDWATEERQRGYDVQLHKYDGFYFTHRG,Inna_April_2016,1.14152616174,1.18330516869
p1-16H-GABBL-15H-GBL-16H_0827_0001_0001.pdb.dna_protein.seq,ladder_73,NEELKKLEKELRKLIKEGKLTPKQLLEQIERYARNTGDPEAKKVRKKVEQEIRDR,Inna_April_2016,0.589247564411,5.31939461893
HSirpa_0888,ladder_74,EQTQEFETYAEAEKKLKEALDRGKLAFQFQHNGKYRVSWD,Inna_April_2016,1.17697950357,0.520122882003
HSirpa_1751,ladder_75,PEMEWIRRAKEANKNGSADDAAEEAKKQGADRFQAFAILQFAG,Inna_April_2016,1.12380103606,0.322379615344
HSirpa_1973,ladder_76,LMEEEAKEAAKEWAEGNEEEAERRAKEAGISPKLIEFLKEQKG,Inna_April_2016,2.2721263507,5.20716756061
MSirpa_0714,ladder_77,PDEAESFARSLKRYGYSKEAAKRILKKIGFSEDEAEEANRKAL,Inna_April_2016,2.34083325809,3.50774628911
HSirpa_2216,ladder_78,SDDAKEFAREATEDGIDPDLARKLAALFGYRPREAEKALRELL,Inna_April_2016,2.31879470355,0.514025760406
HSirpa_0418,ladder_79,VEIFFTYDEDRAREKAERERNKGKDVETVAFGDSYSLISL,Inna_April_2016,2.27794219983,3.4623437370199994
HSirpa_0117,ladder_80,VHNQYLRDRNEAEKLKKEFEKRGKKVIIIEFQGYFAIFSM,Inna_April_2016,5.55762000339,5.182332258440001
MSirpa_0054,ladder_81,TFHVFMHNKSAAEKLAEEARRRGYEVHTEEHNGIWRIEFR,Inna_April_2016,5.69799883415,5.24431643324
MSirpa_0875,ladder_82,PPQAEEFARFLKKNGYSPEEIKRFLEAMGIDESEAEEAAKRAL,Inna_April_2016,5.61094544468,5.42631600053
MSirpa_0820,ladder_83,DPEEAKRAAKEFAKFGFEEAARAALRDAGYSPDEARKIVEKFL,Inna_April_2016,5.82416206536,5.42356076616
HSirpa_0294,ladder_84,THFYLTHDEDEARKRAEEWRNRGYAVFIFAFGSMYLVNSY,Inna_April_2016,4.29688518297,5.503159032999999
MSirpa_0141,ladder_85,TFHAFFKDERAAREFEKQAKKAGDKVESERRGDFWEVRIG,Inna_April_2016,4.215905510390002,5.3018963903
p1-15H-GABBL-15H-GBL-15H_0053_0001_0001.pdb.dna_protein.seq,ladder_86,SELKKEADKLRKLVEKGKIDPSEALKRVEEIYRRLGDPEVRKIRERVREVLEG,Inna_April_2016,4.351288567069998,5.1878945424800005
HSirpa_2008,ladder_87,TEEFARRAAKRAAEEGYKFAARFFAFFAGFSAEEAERIIKELL,Inna_April_2016,4.45958254323,4.43083805895
MSirpa_0275,ladder_88,TYEAKFDTEEAARRAEEKAKKDGEDVRTRHENGFWKVEFR,Inna_April_2016,3.39898337466,1.19898238968
HSirpa_1553,ladder_89,EPEAEKFAKELQKIGLDDDIAKEFALEAGFKEAAKAVDEIKKK,Inna_April_2016,3.4737451915,3.41226355705
HSirpa_0175,ladder_90,TTEYSIKDAREAAKAAEKAFREGKMVYMFMTNGHYHSHID,Inna_April_2016,3.4691879104800005,3.4422021705000003
HSirpa_1903,ladder_91,SDDERAAKDFWFFFPGDKEFVTELAKLLGITEDEARKAAEKAE,Inna_April_2016,3.56043721248,4.4832388857300005
MSirpa_0067,ladder_92,YRIEYYHNPELAERIREEEERRGRYVFTSSENGSVIVIKD,Inna_April_2016,2.40299382269,0.674224023952
HSirpa_0585,ladder_93,TWIQWFKDETEAKKAAEEFKKMGFEIHIRHEGPRRAVEVG,Inna_April_2016,2.41851631214,3.27700832125
HSirpa_1733,ladder_94,AKENFKFLIEMAAQLGNKDAADEFAKDAGVTPDEAEELKREAT,Inna_April_2016,2.4144845184,4.27999271674
HSirpa_2446,ladder_95,SQRDFEHDAEEAAKFGYMADAAFFWMMAGYDPREAEEYFKKLT,Inna_April_2016,2.43122712103,0.404268650772
p1-14H-GBL-16H-GABBL-16H_0097_0001.pdb.dna_protein.seq,ladder_96,TDEELKKLAKYAEKVGDEKAAKTIKTLIKRLKSGKISPKQADTIARRIKERLDK,Inna_April_2016,4.9631929774,4.86278190577
HSirpa_0454,ladder_97,TQTAIFFDERAARKAEEEARRNGLNVETREDNGAFFVIIK,Inna_April_2016,5.33731014903,5.11194971015
p1-16H-GBL-16H-GBL-15H_0508_0001_0001.pdb.dna_protein.seq,ladder_98,TPLEELIKELEKKAREQGDSELIQQLNEARKYLEKGDKKTAEKIIRQVKKELS,Inna_April_2016,5.37154202829,5.34707128786
MSirpa_0481,ladder_99,RDEAEAAARQLYADGYSDEEIERFLKWMGFSEDEAKEARDKAV,Inna_April_2016,5.38838068228,5.15348098711
HSirpa_2487,ladder_100,PDEAEQKAREFKKMGFSPELIKEIAYSAGYAKEEAKEATKRAL,Inna_April_2016,0.177770249318,0.33704925563
MSirpa_0497,ladder_101,REEEDRRAAKFAREQGNEFAIKYLAEQQGISQEEAKREAKKYA,Inna_April_2016,0.5610466889679999,0.209164819655
MSirpa_0969,ladder_102,TANENRKKAEKAARNGNRDKAREWAKRAGFSPEDAEIIARFAG,Inna_April_2016,0.156379042326,0.225054979756
HSirpa_2543,ladder_103,SRDLERLLARLLAQLGFEEAARRAARDAGDSEDTIEQLRKEAE,Inna_April_2016,0.459631675017,3.4401594558800004
p1-14H-GBL-14H-BBL-15H_0819_0001_0001.pdb.dna_protein.seq,ladder_104,TEEEWKKLVRKYLEEGDSESVRKLEEKVKRVLSPEQLKRIQKLIKKYKY,Inna_April_2016,3.61123991254,4.55570783797
HSirpa_0598,ladder_105,TVIFWAHDEKQAREFEKEIQNLGFEVHSHQRGPTWEVRIG,Inna_April_2016,3.63107730698,5.27385795635
p1-14H-GBL-14H-GBL-16H_0845_0001_0001.pdb.dna_protein.seq,ladder_106,NPDEIKKRVDELYKRGDRDSIKKLLREVEKIGDDDVRKYVEELLRRVEKS,Inna_April_2016,4.02999938074,4.52943187745
p1-15H-GBL-15H-GBBL-16H_0254_0001_0001.pdb.dna_protein.seq,ladder_107,TKSEELRKKIKELIKRGDTESAEKLVEEIAKYEGLSPETRKRIKEQVRKEIKR,Inna_April_2016,3.6814774577,3.65791151052
HSirpa_2007,ladder_108,TFFKEAERAREALKEGNEDKAREWAQRAGASDREADFILKMLL,Inna_April_2016,1.2975611959,0.217774383548
HSirpa_2504,ladder_109,FDAIAKDAEYFERQGHDDSQRRDANLSFGILEQLAREAEKRKG,Inna_April_2016,1.41079576823,3.63696827977
HSirpa_1796,ladder_110,DLVQWLYEIEKALQSGNEDKARNVARHAGLDPWAVFFAKLFTS,Inna_April_2016,1.26886990513,3.65265751393
MSirpa_0379,ladder_111,EYDEAYRQAREYLKHGQPFAVGGYEIRTDQDAEEARKEMEKQS,Inna_April_2016,1.37266652442,0.606070862433
HSirpa_1980,ladder_112,LADLKAQRAAEELYRGNEEEAEREAKEAGFSPEDAKEFKFFAG,Inna_April_2016,1.40836051137,0.607908577178
HSirpa_2082,ladder_113,YFFAELFKAAEANEEGNKDKARELAERAGASPDEAEKDNRFFL,Inna_April_2016,0.493117059012,0.6289304935369999
HSirpa_0853,ladder_114,TTKDKADDYAEAERRLYEALKEGKLVAVFQENGQYYLSKD,Inna_April_2016,3.32765076913,1.17102762822
HSirpa_0341,ladder_115,TSMQYFHNPENAEREREEFERFGFEVRSEIRNGRVAVEID,Inna_April_2016,1.33807079004,0.653141575487
HSirpa_2039,ladder_116,SEDYKEDAEEFKKFGISPDNAKDAAIAFGAQAEEAEKAAREAS,Inna_April_2016,3.44101863256,2.18302876435
HSirpa_1153,ladder_117,EEERRFQIMEEAEKAAHEAQKNGNRFEIFADGAHYNVREG,Inna_April_2016,3.26907511442,2.38142203231
HSirpa_1858,ladder_118,LEAAKQAAKDAKKEGFSPDQAEIFLFAQGLSEKEAEEAKKELN,Inna_April_2016,3.45385786486,2.3408339392400004
MSirpa_0634,ladder_119,PEEDKRLAEFLYRYGVDPEEIKSVAEAAGLSREQARQAAENAL,Inna_April_2016,1.3277997143,2.37921149384
HSirpa_0458,ladder_120,TSSFFFRDEKRAREAEKQAKKDGARFHTQEKDGVFELIEA,Inna_April_2016,0.440897053905,5.4033093581500005
HSirpa_0276,ladder_121,TFLSVFKNRTKAKEVADEFRKMGFEVDFTEANGAFYVEVR,Inna_April_2016,5.73641894006,5.53342269844
MSirpa_0877,ladder_123,PPKAEFIARQLRKNGYSPKEIKEILEDMGIDESEAEEAAKRAL,Inna_April_2016,5.707235470340001,5.4473134761800015
MSirpa_0591,ladder_124,QQEDLKEAAKEAAKQGNQEAAEFFAEQAGDDEQKKRAQKIVKN,Inna_April_2016,1.31861345432,4.24142648022
p1-16H-GABBL-14H-GABBL-15H_0715_0001_0001.pdb.dna_protein.seq,ladder_125,SDEVKEKIERLEEKLKRGKLDPEQLKEFVRELKRQGRIDPDVVEEVKRRIKKFNK,Inna_April_2016,3.68796430306,4.48301835891
p1-16H-GBL-16H-GBL-15H_0904_0001_0001.pdb.dna_protein.seq,ladder_126,SEVEKRLEEVEKILQKIGDERAKEVLKRIQEVRKRGDEEKLKKLEKEAKKVSG,Inna_April_2016,3.5508814114,4.462507113919999
HSirpa_1666,ladder_127,PEEARKRVEEDEKAGISRDLAEILAREFGDREAAEVARRIKEG,Inna_April_2016,0.507962305944,4.37081071799
HSirpa_0055,ladder_128,TFAAIEADRKTAEQKVEDLKKSGRPVAQYTNGPFVYFAQN,Inna_April_2016,3.39605925988,3.3972261931
HSirpa_0642,ladder_129,TVLFLFDDERLARRAEEEAKRMGFEVESRRRGDKWQVRFG,Inna_April_2016,3.46015933051,3.5266189805000003
HSirpa_0846,ladder_130,TVMFLFADEKKAKEQEEEFKKMGFDVERRKHNGTFYQEIR,Inna_April_2016,2.42805508393,3.36382727871
p1-16H-GABBL-14H-BBL-14H_0416_0001_0001.pdb.dna_protein.seq,ladder_131,REEVKRRIEELLRLRKEGKIDEEEAKERIKELKKNLSDELRKEVDKLEKKWR,Inna_April_2016,4.8625728640300006,3.4394930822500003
HSirpa_1595,ladder_132,PDEYEKAAREFKKMGLSNDVAAEVLLEQGADPEKVKEARRRLN,Inna_April_2016,0.351390698792,2.51869973293
MSirpa_0770,ladder_133,EEDEAIARAAYKAAGGDRERARIFAESLGFSEDEARELAKKAG,Inna_April_2016,0.351092951504,2.3985377923599995
HSirpa_1515,ladder_134,SAFEHAAAFAFQDLGWNPNEAKKQAEKDGLRKDEAEEANRRYN,Inna_April_2016,3.31042767343,2.49861668447
HSirpa_1197,ladder_135,TRHEYRDDFREAMKEAEKARKKGKRVFVAAAAGKFSVLEE,Inna_April_2016,0.280024108275,2.46209941757
MSirpa_0653,ladder_136,QEAAKEYAKRLKKFGFSEEEIKRALQWFGFDPNEAEEAIRDLR,Inna_April_2016,5.561752200290001,5.32764372974
MSirpa_0936,ladder_137,PAEEFFKEAKKALENNDDDTLRKAAEAINRSEEEAREFAEKAG,Inna_April_2016,3.3584653769300004,5.35512251506
HSirpa_1539,ladder_138,SDEEAKERARQEYERGNEDEARKLAENQDSQEARAFADDLAFL,Inna_April_2016,1.18239502847,5.29926674628
MSirpa_1020,ladder_139,SEDDHEARIIAEQAGISEDEARRLRDEAGGDTSEAERRARKEQ,Inna_April_2016,3.39189129383,5.28594551095
HSirpa_2326,ladder_140,SSELEELLAKLAAELFFKDAAREFAKHAGYSPEQAERIIQKFT,Inna_April_2016,1.2263764246100002,0.505230762737
MSirpa_0813,ladder_141,PKDDEFTRRAAFQAGTSEDTAREAEKQAGGDMQQALKYAQKKL,Inna_April_2016,0.32846059499,0.213874774449
HSirpa_2100,ladder_142,RKEEFKRFAEEYNRQGYPKFAELFALFAGVSDEEQKKIKKEIG,Inna_April_2016,0.289728321858,0.379010687151
HSirpa_2458,ladder_143,QREEAKKKAEEWARRGFFFKAQFEAFYAGLSLAQIFEAEKRAD,Inna_April_2016,0.0976224737022,0.115803090806
p1-14H-GBL-14H-GBL-16H_0162_0001.pdb.dna_protein.seq,ladder_144,SSEKLKKLVKEAKKKGDQELAKKVQKIAKKLGDEEVVKAAEDAIRYVRSL,Inna_April_2016,3.4966292554400003,4.18688521209
HSirpa_2288,ladder_145,SESDKAREALEKAMKGDREARKRFEEEAYKDDHQFYEAQKWIG,Inna_April_2016,1.21867460259,4.19159951643
MSirpa_0980,ladder_146,PEKAKAAAKFFKKNGYSPEEAREFLENMGASTDEAKKALKEAS,Inna_April_2016,1.2932960528,3.5945283271699995
HSirpa_1994,ladder_147,PEEERQRAKKAFKEGKSYDVALALAIQLGVRAKEAAEAADEAF,Inna_April_2016,0.184247447268,3.63554788797
HSirpa_1612,ladder_148,DAATAAFAAALAAQRGDPRRAREQARRAGMSDEEAKAWEKIFG,Inna_April_2016,0.447992833313,1.30195811824
HSirpa_2420,ladder_149,DEEQERAKEAAKKYGFSPDAAEEARELAGGDPEMAKEIAWALY,Inna_April_2016,3.42673657574,1.26386644101
HSirpa_1664,ladder_150,PEEERKWAEEDKRRGISEDLAEFFAAAAGNQAEREIARRIKEG,Inna_April_2016,0.12335694769,1.20911220908
HSirpa_0088,ladder_151,TIFFLNQDPRAAKEYEEAAKKAGQEFHTKHEGDTFLIEQT,Inna_April_2016,3.30706992463,1.29900041363
ems_thioM_122_0002.pdb,ladder_152,VTLEVVAPDDRLAEEITRKAAKNGFPVKITKDNAVTVHKDDETKTYYNVDPRGVAEVAQKLS,Eva1_Dec_2017,1.2286610721200002,5.227163120619999
ems_4hM_2733.pdb,ladder_153,NVNEALKTVVSRIGDERAKELVKKLIDNSSDPDTKSKLKSTVGDDPTVAKKIVEKLTKQ,Eva1_Dec_2017,1.2120318539,3.28543030828
ems_4hC_1920_0002.pdb,ladder_154,SDKDKLSTQAKQLSSDPTEVAKVLLTAIQKNDPEASKLVQEAISSDPDVESKVRKITKELSS,Eva1_Dec_2017,1.20840635419,5.19268213583
rand_ems_4hM_2899.pdb,ladder_155,KDQVKKADRLEKSPKKVEAVSARQSAWKTGQNDSVLQIAIKTDDQDDDKIEDKKPEAIVDVVL,Eva1_Dec_2017,1.20082828219,2.31823248746
ems_ferrM_5875.pdb,ladder_156,DVTVHIDDPDIAKKVTSLVGAEVRTEKDNKITVHGADPTVANEFKKQGAKVEVRES,Eva1_Dec_2017,2.1535830090599997,2.3377179365700003
ems_f2_275.pdb,ladder_157,DETEKRLKDTAKSADFQPYKYGSFVIVLTKKSLLVFQNKSKVLEYKNIDPEQAKDVQRKIKESE,Eva1_Dec_2017,2.32248171649,4.31381909191
ems_thioC_91.pdb,ladder_158,PFRVYQDIDPRQAEELVRRDTSQPVLVVHSKARVELHNGEVRVKDADPRLSKIAQDIYKKATS,Eva1_Dec_2017,2.1651013241799997,0.346914212394
ems_4hM_91.pdb,ladder_159,SKDEDISKVIEIIKKYDPNVSKKLKELAEKDKDRAKKVADRAKKASDPSEVSKVAQQLIK,Eva1_Dec_2017,2.2649353997799997,4.31427625393
ems_4hM_4336_0002.pdb,ladder_160,SWEEAAKILQSLADNIPDPTQKKNVTDYLKKAMKDPKGREELEKALSNPEELKKILKKAA,Eva1_Dec_2017,5.4431888074599994,5.42811881107
ems_f4m_7.pdb,ladder_161,QVKVEVKNPSEWVKIVEKASKKGDVDLIVELARRLGAEVHQETKPSGQVHVTIHAEAEVHVTLE,Eva1_Dec_2017,5.40929982124,5.2274191964
ems_4hM_909.pdb,ladder_162,DDKTLEKIVKTVASSDPKVKKVLEWAKKQGNLRKVATLAKRVLSGDEEAKKLVKEIAKKVD,Eva1_Dec_2017,5.48315887943,3.36881683851
ems_4hM_1319.pdb,ladder_163,SEEDKQKLAKKAVELSDKETAAKVLKKVSDDPNEVTKVAKQVDPRADDVVKSIITYYQSK,Eva1_Dec_2017,5.4192914337,2.4766510656
rand_ems_ferrM_6507.pdb,ladder_164,KTFTKEPIAVVSGQDGAVHEKAAPDVHENRERGSIITHQVRSEQNTVQFNVFKAEKEVIHVV,Eva1_Dec_2017,0.356421395551,0.439739364631
ems_ferrM_2201_0002.pdb,ladder_165,SKTLHVTLDDQRGADKVKKIDPNLRVEKHGKTVTFHVDDEKTERLVKKAAKETNAEVHVEES,Eva1_Dec_2017,0.217792380453,0.23429644033100003
ems_ferrM_2623_0002.pdb,ladder_166,NKITIHIHNPEAAKEIAKVANVRRVEVHKKPGNRYEVRLVDADPEGVKKVASKYNAEVHIEE,Eva1_Dec_2017,0.36987042536,0.48401707198
ems_4hM_2354.pdb,ladder_167,PESKEITERLRKEARKDEAARWQLKVVKDASSSDEAVKILKTLQKQDPSLDEKLTDIKKKS,Eva1_Dec_2017,0.640806998973,0.720135866845
ems_ferrC_1690.pdb,ladder_168,PVQLHFNDPDENVKKVQEIIKSFGVEVRTHGSTVTVQASDPRQLKVAKEAAKRAQVKSVEVRI,Eva1_Dec_2017,2.49568160075,2.3179305969999997
ems_thioM_776_0002.pdb,ladder_169,KVTVTVTEGADKDEAKKLAKSLGVEEWEIKENKGGEIKVTVHNGDTSVTFDNPEEARKYYSQM,Eva1_Dec_2017,2.50467278278,3.3217120902499997
ems_ferrM_1264.pdb,ladder_170,PDVTFELHDVDERLVRELEKQGAEVEKKPGRTFTVHVTNPSPELEKYVKSLVNTEVRVEKS,Eva1_Dec_2017,2.50067472658,2.44710338599
ems_ferrM_2142.pdb,ladder_171,PVTLHVRNADPTIAKKAAEQFNVKVKVETHNGQVDIEVHDVSDEIVNRVSEYLKKLGAEVHVQS,Eva1_Dec_2017,2.560488901,3.22283404801
ems_ferrM_5553.pdb,ladder_172,PTVTVHVPNEEAAKKISKKAGVEEFHIETQDNTKWTLELHGVDPTRAKQLADKAGVDEVHYSG,Eva1_Dec_2017,3.2020967805900002,5.229205394519999
ems_4hC_2808.pdb,ladder_173,SELDKFSERVSRLINSEEVKHAADEFIKDPTAEEKIKELESKLSPEQVAKWLLELYKKLS,Eva1_Dec_2017,3.12533883784,5.2592678455
ems_ferrM_489.pdb,ladder_174,SSIKISVDDPSAVSRVISAASPDSFSVTTKDGTFTVTLSKASPKLLSLAKSVVPKASVSTS,Eva1_Dec_2017,3.1129212224500002,3.2376116987400003
ems_4hM_2539.pdb,ladder_175,DLEKEATEAVKQAVGNPEVSKKVEKLIKEGSPRVKELVTKALKLAQDPRLRTILTRFIQS,Eva1_Dec_2017,3.29305433569,4.31833902054
ems_4hM_3728.pdb,ladder_176,PKEELLKIAKEVAKRLGFEDVSKVVDWAKSDPTIVDTVSTLVKTNNSEEAVKYLHEIFKKLS,Eva1_Dec_2017,5.35563281911,5.34388850093
ems_ferrM_322.pdb,ladder_177,NSVTVTAPVSPDLLTTLVSLAGVSSFSISGSTVSLSNADPDKISKAASSLGYPVTVSSSS,Eva1_Dec_2017,5.32712732561,5.39905046638
ems_ferrM_789.pdb,ladder_178,PTVTISVKDADSSLVSSAVSYVGASVSVKDNRTITVHGVSPDLAKTVQSIASSLGVTSVSVSS,Eva1_Dec_2017,5.14966358738,5.32834649629
ems_ferrM_7107.pdb,ladder_179,KITIEIHNPSPKVQEIIKELKKDPNVEVRTKNTNTYEVHVDSEEVARTLKTAADEAGVDVKVQM,Eva1_Dec_2017,5.24453021735,4.39014845016
ems_ferrM_327_0002.pdb,ladder_180,PFTVTVLYAAPKVESAAKSASSSGYPVSVSTKDNTYVTISLDGADPNYATSLLSSVPKASVSLS,Eva1_Dec_2017,4.24715436469,3.3885199097600003
bGM_107.pdb,ladder_181,KIELNVRSDSETWTYTVDSKEEAKKVAKKAAKDLNLEVKEVRITDKSVEVQVK,Eva1_Dec_2017,4.249349779559999,0.41729165737199997
ems_ferrM_7356.pdb,ladder_182,PVTFQIKVDDPDTVSKLVKNLGVEVEVHKDGKTVTFHVKSDDPRVSELAQKAAKIIGAEVHVQV,Eva1_Dec_2017,4.27716283138,4.333874134509999
ems_ferrM_5888.pdb,ladder_183,EVEVHLKGEDHLVELVSKFAGVEVHSKDGEVTVRVESPELAKRVEEIARKAGVEVHIKS,Eva1_Dec_2017,4.32910043625,5.30654540842
bGM_530.pdb,ladder_184,LELTIQNESYRITFKATDEEEAKELAKKAKDLLNAQSVEIHKRGETFEVHVHL,Eva1_Dec_2017,4.20717847913,4.13896971037
ems_ferrM_2555.pdb,ladder_185,TYTIEIKVEDDRVAEYAVKVVQAEIHKKDGTWTVHVDDKDRLSEALKEASKLFQVPVEFEVRE,Eva1_Dec_2017,4.19411925749,3.2356767714599997
ems_ferrM_880.pdb,ladder_186,STITLHFKDFTPEVEKAARWAEKLGVEVRVSGQTITLHGVSDEIAKRVSKIANVPEVHIESRP,Eva1_Dec_2017,4.218386231819999,4.33698870621
ems_ferrM_3208_0002.pdb,ladder_187,PFEITLYNVDPRQVKKVAKLAGHVRVKQKDGILQIEIDVEKASEIAYKLAKNNGVEVHVRS,Eva1_Dec_2017,4.20761448746,4.26922824577
ems_ferrM_3632_0002.pdb,ladder_188,SVEVHIKDAKPEAEKAVRNAAPTSGEIRKKPGRRLEVHVDNTDPKAVQEIVSKTAQVEVHVKE,Eva1_Dec_2017,1.3243296393100001,4.211921863590001
ems_f2_903.pdb,ladder_189,GEKAERWIEEARRKGEIKKEKTSSSGHVSVLFNDRLVQVSDSGQKIVDITNPEEIKKWEKTS,Eva1_Dec_2017,1.43547029174,2.37724378379
ems_ferrM_5589.pdb,ladder_190,NVEIHVDTPEAEKSVSTLVKNLGAEVEQKPGNKIEVHLEDPRIRKELRKIQNLSKVRLEVE,Eva1_Dec_2017,1.30983067949,0.6369490729739999
ems_4hM_3652.pdb,ladder_191,TQEDEVKKVVKLLKEDPTTVYQHFKELLKSLASSDEETKKLDELAERLDPSVRKLKEEARRKIY,Eva1_Dec_2017,1.3859220854299998,2.4113951724900002
ems_f2_513.pdb,ladder_192,DAQDEVREASKKIPYVRRFQDEYFLVESETKVWVVVDGDTSTIHIQVDTPDQAKKLYKEVKS,Eva1_Dec_2017,0.7213433012100001,0.892252919188
ems_ferrM_3798_0002.pdb,ladder_193,PEVHITVSDERGVKKLAKLVGAPFEVKKSGNKVTVTIQGVPKEGVDKAAKKAQAEVVEVHG,Eva1_Dec_2017,2.3929356869599996,0.8271526683949999
ems_ferrM_3343_0002.pdb,ladder_194,STVHIEVDDPNGAKKVSAAVSEAPFEVEQKKDKKWHITVWGADPDKVTKLAREAGARVEVQD,Eva1_Dec_2017,0.601911434363,1.16207391575
ems_4hM_2113.pdb,ladder_195,SPEEVKKVLKHVSKYNPDVKKVVSEATKYEDASTVAKEAAKYVRDPNLQKQIKTIADNG,Eva1_Dec_2017,2.2466945607900004,0.75103613692
ems_4hM_3417.pdb,ladder_196,PEKDEVSKRLSKAAKDLNPEIRDYVVTLVQKAGTSHEASKVLDTARKISPEVWTKIQKVLKSD,Eva1_Dec_2017,2.28627957176,2.36585076625
ems_4hM_837.pdb,ladder_197,PEKDEISKLAERVVKEGDPTVQKLLKSWVDNIDPRKLTELAQKVGSEELVRTAKKIADSS,Eva1_Dec_2017,1.28720784397,2.35699326446
ems_ferrM_3552_0002.pdb,ladder_198,TVHLQVDGDDPRVEEAVKEARKVGAKLEIKPEGVIQIDADSDEIAKTAVNVFKKVVKVPVEIRG,Eva1_Dec_2017,3.1684226573900003,2.2426704186
ems_ferrM_1496_0002.pdb,ladder_199,KTTTINIQGDDEAAKKWLKFAKEDPNVRVEKRPGEQITVHVKDPTEELERIARSEGAPVEMQS,Eva1_Dec_2017,2.1540816335499997,2.2732727087
ems_4hM_3975.pdb,ladder_200,DEKEEDKKVKTEVSKYDPHAADLLEKIVKSRGLTVKQVYDDAKKKATDHEETIKIVIEWAR,Eva1_Dec_2017,3.1749867080799996,5.454651966849999
rand_ems_ferrM_330.pdb,ladder_201,VSDVTSISVPVTLTSPSSGSIAYSVISPGSSGVSPLSASIVSSTAVASSSKSSVFPGFFTATV,Eva1_Dec_2017,5.36350368126,5.424707569600001
ems_4hC_2866_0002.pdb,ladder_202,DDNELEKTARTLAHKAKTEELFDKAVKYVSKQNLKHEFLKKITEALRKDPDLARTLLKQFVKS,Eva1_Dec_2017,4.27802728305,5.43411239793
ems_4hM_2857.pdb,ladder_203,PDEEIVKTVEKLAKEDPSLKALLEYIQKTDNREEISKIWKKLSSQVDDDQIHKYWSEVAKKLS,Eva1_Dec_2017,5.2502255603900005,5.423687252480001
ems_bGC_221.pdb,ladder_204,GELQVTQGNKTQTIVQNSSPEEAKKWAKEIEKRAPKPVDIQTDGERFHVQIY,Eva1_Dec_2017,2.1847779154299998,0.23457053167
bGM_147_0002.pdb,ladder_205,PIDVTIDAKDRQVTVTVHPDPREAEKVAREIAKKQNYEVKRWEETERAVKVEVS,Eva1_Dec_2017,1.14209992331,0.40413296964900003
rand_ems_ferrC_1340.pdb,ladder_206,GHSDGGSKDNRWTEPVWEQHILVVKKVHARKGRVGEEEALAYTNKVTDVVVLVKSAASL,Eva1_Dec_2017,0.29757855817400003,0.255235269206
rand_ems_4hM_4919.pdb,ladder_207,LRKKLEKKLDEPELRLIEKDSKNASDVFKKLKKQKNKLKAAAVDSEKELARGEEEKKLNE,Eva1_Dec_2017,0.380711021381,0.34433708178800004
ems_4hC_1421_0002.pdb,ladder_208,DEVEEIAKKAAHTSYQEARKALETLSKISSRDEEEKKKVDRAKSEVQLEELYKTGKSRSDS,Eva1_Dec_2017,1.20314519359,2.47328061415
ems_f4m_325.pdb,ladder_209,TEHYHYQVSSSEEASKLAKKVDPWADIAVKLLKSNNLKTVTVQVPENIEVTITSEGKVEITKY,Eva1_Dec_2017,2.33688229338,2.48024642046
rand_ems_thioM_799.pdb,ladder_210,TPVLKVSDSVHVATEIEALKEKKHWVTDGHDEAEYIRSKECKLLEEERKNASSDQKVKVLDVR,Eva1_Dec_2017,0.7013667911020001,2.7225565788700004
ems_4hM_3821_0002.pdb,ladder_211,DDDKVTKEIEKLLTIHDDPRKAEKAIRIIRKTDEAKKTAVNLFKNNPDPRLAAEAVLRYLD,Eva1_Dec_2017,1.19175053459,2.48854688154
ems_ferrM_6284_0002.pdb,ladder_212,GVTITTDNPEVLKEASKIVQPKKVEHEKHGDTYTVHLYLDNEEQARKAWEKVKRLDPKADVKVS,Eva1_Dec_2017,4.26148255612,3.48543868954
ems_ferrM_3364.pdb,ladder_213,PKVEVHVHNVSSEAVETAAKQANVERITIHDDRTLELEGVNKDIVQTVAQRIIQGTVEVHVQY,Eva1_Dec_2017,1.14570044581,3.40919778589
ems_ferrM_1437.pdb,ladder_214,EIRVTFHGVDPRIVKTAAKLANVEVHIKPGNNVEVRIEDSRKARKLIKLVKAPSFEYQE,Eva1_Dec_2017,2.28425119051,3.2630836823400005
ems_4hM_4216.pdb,ladder_215,SEEAKKAYKVIQSINPRATDLARKALKNDTAKEILETVKELQQKYDPKQVSEWLEKLS,Eva1_Dec_2017,2.2675830868,3.2047872483999997
ems_4hC_103_0002.pdb,ladder_216,SPESAKKVVEEAQKKQVKDLADKALKLLDSDPKATEYVSRVMGVEPEQVKKILKEIKKNQ,Eva1_Dec_2017,5.17838992917,5.34198682678
ems_4hM_2486.pdb,ladder_217,DRFEEIKKEAQKFAPDPSEQLAYALVIALNRNDEEIYKKLKEQVDKLPNSEKVKKILKKLQS,Eva1_Dec_2017,5.37392521239,5.32248533112
ems_4hM_273_0002.pdb,ladder_218,DSSELEEVAKKASNARDPNAVTLAEKLASSDVQKIYKTLEKNNDSRLEESLKILKSGVS,Eva1_Dec_2017,2.3257636384700002,5.2335013548000004
ems_ferrM_5490.pdb,ladder_219,PTVHVTVDGDDPSVEKAARYVNASEVHVEVKDGKVTITVRNVSDEELKKALEKAGVNVEVRQ,Eva1_Dec_2017,3.14515272712,5.2484059398400005
ems_4hM_3106.pdb,ladder_220,DEQEEAKEIATKVNPEITKVLDEVLKKAQDPRQQTKAIQLVQKVKHASPDEVKELKKELEKV,Eva1_Dec_2017,0.454104340286,4.429232427990001
ems_fer_extM_99.pdb,ladder_221,KIKVTVHVGDPTAAEIISKLVNVSKVEHRPGNQVTLHVKDIDPRKAKTIVKSAFPNAEVRVEHE,Eva1_Dec_2017,2.29068136347,4.26279271104
ems_ferrM_4489_0002.pdb,ladder_222,TERYTVKTDPSILEQLERLAKKAGAEVHVTSSGTLTIRVDTEEAKKVVEYAKKQGAEVHRVQE,Eva1_Dec_2017,5.12721284426,4.33301085655
ems_bGw_31.pdb,ladder_223,SINIQINVNNTTYQYTVDVDPSQAEKAAKELAKKANAEVKEIHVSEDSVEVTVS,Eva1_Dec_2017,4.27174386117,4.28937063037
bGM_10.pdb,ladder_224,GVKIQVNDRSRTETYHVPDDPREAKKASKTVKSKFKDGVKEIKYSPSKQVTVHIE,Eva1_Dec_2017,2.23240595953,4.19756177891
ems_ferrM_6487.pdb,ladder_225,TVKVTLHGTNKASEVQEVAKKYGVEVTEKRKPGERIEFEFNNVDPRLLETIAKSLANIPVEVRE,Eva1_Dec_2017,3.2738570286,4.20526002409
rand_ems_4hM_453.pdb,ladder_226,EAKSDIEKTDKVLSVPTKTSILTIKLSSLKGINSKDNEDLVQRAESRLSESTLEQSAVD,Eva1_Dec_2017,2.27685429765,4.21991148329
ems_4hM_817.pdb,ladder_227,DEEELKSLLKQLKKIFSSDEEIKRAVDWASKQNLTELVAKLAKRIQNGDKEAEKEIKKLSKKAK,Eva1_Dec_2017,3.21819549463,4.2048065918
ems_4hM_1087.pdb,ladder_228,EYYKVYKDAISKASKGDPEAKKVASKISQIDPTELEKLAKELYEKNNKDELTKKVRTEAKS,Eva1_Dec_2017,0.5804280645750001,1.4848417428999998
ems_ferrM_4338_0002.pdb,ladder_229,PIKFKITLDDPTAAKQIAKKANAEVEEKPGNKVTIHAHSAKIKDIVSTLAKQHVPNAKVQEVRE,Eva1_Dec_2017,1.39440586996,1.36204908859
ems_ferrM_1242_0002.pdb,ladder_230,PYTVTVPADPRAVERVAREAGVREVRQKDGTWTLHVDTSDQAKIVKELAHKLAQRPVEVRSE,Eva1_Dec_2017,1.1527128693200002,1.2954569084999998
ems_4hM_2336.pdb,ladder_231,DKEEVEKWVKSLSDRGDEVAQDVLRVIKEIPDPTQATRYAEKVVHDPHFQTLVKKVQKK,Eva1_Dec_2017,1.31600013681,1.6541945163499998
HHH_rd4_0084.pdb_buryD,ladder_232,DERVERIDERLIREGVSDEEIKKYLKRQGVDEEQVERVIRKVRLESSGGS,Rocklin_2017_Science,0.94,0.81
HEEH_rd3_1694.pdb_PG_hp,ladder_233,RRVKAVATLVEKGQPARVNNRGEKAQLQPESPQFEEAAQELTK,Rocklin_2017_Science,0.75,1.0
HEEH_rd2_0304.pdb_buryD,ladder_234,SSLAEEAKRRAKKGAHRFELPGGIRVEDTSPEEARELIERILG,Rocklin_2017_Science,1.14,1.94
HEEH_rd3_1352.pdb,ladder_235,PNAAKLAREAKKKNQRVQYTLNGVTFEVTSPDSADKVIKEAEN,Rocklin_2017_Science,1.08,1.22
EEHEE_rd3_1443.pdb,ladder_236,GKVVNGNLTYHASSPEEAAKIAKKLAKKYGLEVHLKNGTVKLK,Rocklin_2017_Science,2.15,1.2
HEEH_rd2_0075.pdb,ladder_237,TWKKQAEEAERRARNGETVTINGITVTSPEAAKRLSEWLKRQG,Rocklin_2017_Science,1.97,1.82
EEHEE_rd4_0312.pdb_PG_hp,ladder_238,FHATFEGIEVRVPEPEKYTRALEQIMNELEVDAKAKGHQVKFHLESSGGS,Rocklin_2017_Science,1.95,1.22
EEHEE_rd3_0575.pdb_buryD,ladder_239,TTDQIQGQKYTYDNPEKAKKAAKKAAEKLNVTFTIDGNHLKVT,Rocklin_2017_Science,2.12,1.88
HHH_rd3_0160.pdb,ladder_240,TEKLKKIVEQLVKEGVSPDEIREIARKLGFSDQEADEAIKWVL,Rocklin_2017_Science,5.38,4.08
EEHEE_rd3_0710.pdb,ladder_241,STVNLGNTQYTFPTLEEAQKFAEKVAQKYNVTYEVHGNTVTIK,Rocklin_2017_Science,5.57,3.99
EEHEE_rd3_1148.pdb_buryD,ladder_242,TTDKFNGQTTTAPTTDEAQKIAEKYAKKYNLTVEVHGNKVTVK,Rocklin_2017_Science,5.32,3.48
EEHEE_rd1_0997.pdb_hp,ladder_243,GSTDAEVEAIRNQLGEETETREGKTRLTFREKDKRAEYIEADG,Rocklin_2017_Science,5.25,-0.06
HHH_rd4_0736.pdb_PG_hp,ladder_244,RRKVDEAVERFREQGVNPESYLKLIRDRGVQRKKIDRLLEKLGLESSGGS,Rocklin_2017_Science,-0.02,-0.0
HHH_rd1_0694.pdb_random,ladder_245,AGYSRPKLRFEEQAKEESIYNEKKKQKSAEWIKVYLMARKERE,Rocklin_2017_Science,-0.07,-0.08
EEHEE_rd1_0753.pdb_hp,ladder_246,GSHEGHFANYSRRFRRRDEIYRKAEYVGVDEKQEEGDTARDQE,Rocklin_2017_Science,-0.08,-0.09
HHH_rd4_0981.pdb_PG_hp,ladder_247,AEDEVEKDQRTLLRRGSERRLKRLLHEQGYKKRQLQEVIDDQYLESSGGS,Rocklin_2017_Science,-0.05,-0.07
EEHEE_rd3_1750.pdb_PG_hp,ladder_248,NKFQLQGEEATIPKPTLYKSAAKKLAEELGVHYTNKGTEVKAR,Rocklin_2017_Science,2.26,1.98
EEHEE_rd3_0467.pdb_buryD,ladder_249,QTDEYNGKKVTFPTPELAKEYAEKVAKKAGATVEKHNGTFKVT,Rocklin_2017_Science,2.3,2.24
HEEH_rd1_0487.pdb_random,ladder_250,DEGTFATREDKLTRERAPRKEQEIQVTVRENKLNKERELAEWA,Rocklin_2017_Science,2.4,0.42
HEEH_rd4_0077.pdb_PG_hp,ladder_251,KTERWEDRVEDILTKGSKLQLGRIEVTREDQVKEVITRVESKELESSGGS,Rocklin_2017_Science,2.67,2.38
EHEE_rd1_0056.pdb_hp,ladder_252,GSSDTDLKIKRTRSVREAETEFRKEFGTAKENDTDVQIEVSGS,Rocklin_2017_Science,3.26,1.87
chymo_test_F390,ladder_253,RVTMFLKDGRVTMFLKDGRVTMFLKDGNNNNGNNSSSGGGSGGGGNSSNG,Rocklin_2017_Science,3.49,3.03
EEHEE_rd3_0957.pdb,ladder_254,QTVHIGNTTYTFDNPKKAKKFAEKAAKKLNLTVETHNGTFKVQ,Rocklin_2017_Science,3.12,2.2
HEEH_rd4_0292.pdb,ladder_255,DEEVKKEVTKLERNNQKTVTLNGYTFTVDDPTELVKVIESVLHLESSGGS,Rocklin_2017_Science,3.03,2.62
EEHEE_rd3_0395.pdb,ladder_256,HTLTVNGETYTFDTPDAAKKWAKEYADKYNLTVEIKNGEIHVK,Rocklin_2017_Science,5.24,3.91
EHEE_rd3_0091.pdb,ladder_257,GSSEQTITVDDQKQADQVIKKAQNKGIKVTVEKHNGQFHVTLH,Rocklin_2017_Science,4.53,3.04
HHH_rd4_0412.pdb,ladder_258,DEKVERIVEDLLKRGVDERQIKELLKRQGVDEKQVEDVIKKVGLESSGGS,Rocklin_2017_Science,4.52,3.41
EEHEE_rd4_0848.pdb,ladder_259,HTVDVQGVTYHFDNPEEARKFAEEMAKRLGLQVHVKDGRYKVELESSGGS,Rocklin_2017_Science,4.52,3.36
HEEH_rd4_0292.pdb_buryD,ladder_260,DEEVKKEVTKLERNNQKTVTLNGYTFTVDDPTEDVKVIESVLHLESSGGS,Rocklin_2017_Science,3.84,2.49
HEEH_rd1_0974.pdb_random,ladder_261,KEKNYTTEKAGKNDKDSNRKTAQDRQFESDRVKAEFESSKLEE,Rocklin_2017_Science,3.88,2.94
EEHEE_rd3_0018.pdb,ladder_262,TQVFYNNTTYHADNPDEAKKYAEKIAKIYNLTVHVHGDKFEVT,Rocklin_2017_Science,3.79,2.2
EHEE_rd2_0024.pdb,ladder_263,GSSDTTYTYTDRRQAERAREEWERRGKTVEVREHNGTFKVRVGLESSGGS,Rocklin_2017_Science,3.79,2.57
EHEE_rd2_1132.pdb_PG_hp,ladder_264,GSSHTEKTLYRPTEVTEIRRRAKEEGETIDVREDRGTVRFTVN,Rocklin_2017_Science,-1.5,2.87
HEEH_rd2_0378.pdb_PG_hp,ladder_265,KEELKRKLSYDAEKGIEYAEARGSRTEARERRLAKHILRVANG,Rocklin_2017_Science,-0.93,1.13
HEEH_rd3_0382.pdb_buryD,ladder_266,YKWLKLAKKAAEKGQTFKTTVNGVEVKDTTKEEAEKALKKVQK,Rocklin_2017_Science,0.68,0.26
HEEH_rd4_0934.pdb_PG_hp,ladder_267,TQKENVKTLLKKGEDYEVSVDGQTLRVPPGEKDTFKKIVRQYVLESSGGS,Rocklin_2017_Science,0.59,-0.02
HEEH_rd4_0509.pdb_buryD,ladder_268,DVEKQIKHVETVLKRGEPVHINGTEYHSEEEDETLIKQLKKNSLESSGGS,Rocklin_2017_Science,0.27,0.09
EHEE_rd1_0519.pdb_hp,ladder_269,GSSDRENEWTKKRDGKEFRKEIHEDVYTGKARERAERVKFERE,Rocklin_2017_Science,0.67,0.29
EEHEE_rd2_1010.pdb_buryD,ladder_270,GSTELEYGTTTYTFGDPEKDRRWAKKAGAERVTTTNGRVTVHK,Rocklin_2017_Science,1.66,1.17
EHEE_rd4_0604.pdb_PG_hp,ladder_271,GSSNAEVEMKGRKELEEVVRHFEEQTMTAKADIQRGKVNYKMHLESSGGS,Rocklin_2017_Science,1.49,1.16
HEEH_rd3_0100.pdb_PG_hp,ladder_272,RPRVEELANKFAEQGEENLDFRGLKAEAPTTENLERILRSIQK,Rocklin_2017_Science,1.26,1.06
EEHEE_rd3_1703.pdb_buryD,ladder_273,GTDKVNGIKFKAPTEEEAQKYAEKVAKIYNLEVTQKNGTYKVE,Rocklin_2017_Science,2.26,1.22
HEEH_rd3_0295.pdb,ladder_274,DPAQELAEKAKQSGTEITIHVNGKEWHITSQEEADRLQKEVNN,Rocklin_2017_Science,3.92,2.15
HEEH_rd4_0159.pdb_buryD,ladder_275,DREEQYRKIKEVAEKGEHITVGNYTVHSEEVVKRILTKDKKQILESSGGS,Rocklin_2017_Science,1.06,2.03
EHEE_rd4_0939.pdb_buryD,ladder_276,GSSEETVTLEGEEQVKKAIEEAKRRNLQVEVEQHNGKWVDTLKLESSGGS,Rocklin_2017_Science,0.64,1.68
EHEE_rd1_0004.pdb_random,ladder_277,GSSERDGRRKEGRNDNDREYENDVTEGDEQIRSRRFEYERVDK,Rocklin_2017_Science,1.98,2.1
tryp_test_K309,ladder_278,NFGPKWYYLNFGPKWYYLNFGPKWYYLNFGPKWYYLNNSGSNSSGSGGSS,Rocklin_2017_Science,4.34,5.65
tryp_test_K482,ladder_279,QQIHKWFIAQQIHKWFIAQQIHKWFIAGSNNNSNGSGGNNSSGNSSSNNS,Rocklin_2017_Science,3.32,5.7
chymo_test_W006,ladder_280,TISGWDVTLTISGWDVTLTISGWDVTLSNNNNSGSSNNNNNNSGNGNSNN,Rocklin_2017_Science,3.58,5.43
tryp_test_R466,ladder_281,YLWQRIYAEYLWQRIYAEYLWQRIYAESNSNSSNSSNNGSNSSGSGSGNN,Rocklin_2017_Science,4.2,5.34
1ZRW,ladder_282,HVDKKVADKVLLLKQLRIMRLLTRLGSGGNGSGNGSGNGSSGNGSGNGSG,Rocklin_2017_Science,-0.09,-0.11
HEEH_rd4_0119.pdb_PG_hp,ladder_283,TDKKYVRSVEQWEQTGNPVEWGEVDVKQREEISELLQKVKRQELESSGGS,Rocklin_2017_Science,0.08,-0.11
HEEH_rd2_0066.pdb_buryD,ladder_284,SDEAKLILKAAKEGKKRVRFNGREFTAGSEEFERLVRKDKKAS,Rocklin_2017_Science,-0.01,-0.14
HEEH_rd4_0745.pdb_PG_hp,ladder_285,NNIVRELKRVVQEGEPLTVNQEGEDVELHHPSRYEKWLSSLHRLESSGGS,Rocklin_2017_Science,0.31,-0.09
HEEH_rd3_0402.pdb_buryD,ladder_286,EPLREEADRLLAERGERRITLGDITVEAGSDDWKEALRRVREK,Rocklin_2017_Science,0.97,2.54
EEHEE_rd2_0071.pdb_PG_hp,ladder_287,GSRYIEVTGTRTRAHRIEEARSAVDTTGWTEVEFRGSEVELYT,Rocklin_2017_Science,2.38,2.5
EEHEE_rd3_1237.pdb_buryD,ladder_288,GEDHVNGLTYTADNPKKAKEIAQKIAEKLGKTLKVKNGKLTIR,Rocklin_2017_Science,1.72,2.25
EHEE_rd1_0303.pdb_hp,ladder_289,GSSKKKGEATTKRKGREVKERVSNKVERLKGEREEIDVTITKI,Rocklin_2017_Science,1.63,2.92
HEEH_rd4_0960.pdb_buryD,ladder_290,SPEIKKTDKSVYEQGNETLTINGITVTIKSDEDVDKVVKKIESLESSGGS,Rocklin_2017_Science,3.09,3.23
EHEE_rd1_0356.pdb,ladder_291,GSSTTRYTVEDEENRERVERQIKNENKQSRTTKENGQWHVESE,Rocklin_2017_Science,3.08,3.01
EEHEE_rd1_0415.pdb_random,ladder_292,GSREDAREDETSIRAAVERESAPVEVGGQRDQNVQNTKKIVGR,Rocklin_2017_Science,2.7,3.03
EHEE_rd2_0782.pdb,ladder_293,GSSTITITVTDKEEAKKWKEWAKKQGLTVTEKTHNGTIRLEVELESSGGS,Rocklin_2017_Science,4.25,3.55
HHH_rd2_0058.pdb,ladder_294,DSEQLKEEAKKAYKNGNEEKAKRILKKAGLDESEAEEFLRRAF,Rocklin_2017_Science,4.5,5.12
HHH_rd1_0938.pdb_random,ladder_295,ILEEEDERKRVAITKKGEDPKLEAKKREEKRRENATALDAGLR,Rocklin_2017_Science,1.95,5.09
EHEE_rd4_0017.pdb,ladder_296,GSSDITYHTHNEEVARRLYEMLARQNLDVKIEVHNGHWVVTARLESSGGS,Rocklin_2017_Science,4.4,5.17
EHEE_rd4_0096.pdb,ladder_297,GSSEIQWTVEGEEAARRMKEWAKKANLNIEVQVHNGRYIFTLKLESSGGS,Rocklin_2017_Science,4.54,5.16
EEHEE_rd2_1198.pdb_buryD,ladder_298,GSTTVDKNGETITATTWKEDEKIARKAGATTYTLSNGRVTIQE,Rocklin_2017_Science,2.67,4.02
EEHEE_rd3_1244.pdb,ladder_299,TKVTVGNLTYHLDLSPEQAAKWAKKKYPNADVTVKNGTVTVHH,Rocklin_2017_Science,4.98,3.91
chymo_test_Y496,ladder_300,HGEGYNEHQHGEGYNEHQHGEGYNEHQNGSGGNGSNSGGGSGSSGSNNNG,Rocklin_2017_Science,4.9,4.01
GCN4_S14R+H18E+N21A,ladder_301,RVKQLEDKVEELLRKNYELEAEVARLKKLVGERGGGNGGGSSSGSGSGSS,Rocklin_2017_Science,3.94,4.1
HEEH_rd3_1287.pdb,ladder_302,PWKEWRKNAQEAVKQGTEYRINGLQVTTQDAAEKAANIAKKQY,Rocklin_2017_Science,2.33,-0.83
HEEH_rd3_0904.pdb_buryD,ladder_303,PEYAKRDQELAEKGERETLTVNGEDVDVSSPEAAKRAQELAKK,Rocklin_2017_Science,0.29,0.14
EHEE_rd2_1133.pdb_PG_hp,ladder_304,GSSKKTNEAETRTEFNTIATRVERKGAEAKVEEDTGRITFKWG,Rocklin_2017_Science,1.99,0.27
EHEE_rd2_0245.pdb_PG_hp,ladder_305,GSSRETNRITTETKTNRVTEVAYEEGETVETDYRGQQWRFTVK,Rocklin_2017_Science,2.68,0.26
HHH_rd1_0501.pdb,ladder_306,PEEDLRKNAKKAYKNGDPDTAEELLKRAGASDEEIKKIKKKIG,Rocklin_2017_Science,0.4,0.29
ems_bGC_181.pdb,ladder_307,SQVEIHVQGPDKQSTYHYPKTDEAAKKASETVYKQYNAQRVEVHKGPDKIEVRVQV,Eva2_Dec_2017,0.538960994451,1.4175929356499999
ems_4hC_875_0001.pdb,ladder_308,DLEEIVKDLVKKIAGTDEISDSVTTTLSKQNRLEEASEKLSKASTLDPSQSRSIVKSLQ,Eva2_Dec_2017,0.624808472896,3.43485803265
ems_ferrM_2454_0001.pdb,ladder_309,DVEVHVYDGDPRAVELAAKRAGAQEVHVKDGTIHLVGADPTIVQQVIEKIVKKPFEIHSY,Eva2_Dec_2017,0.563154404139,0.453833570194
ems_ferrM_7343_0002.pdb,ladder_310,GTVKLTFNKVAEEAVEYIKSSGAEVHLSGETVEVHVHVDTPEQAKSLAKSVAKIWNVDVKIQV,Eva2_Dec_2017,0.661188440166,3.1434563487199996
ems_4hM_4368.pdb,ladder_311,TKEELKEQVKRLVSNGDVKSALTVVKEVGDPDAERVLVEALSKYNQVDPTQAKKLAESLS,Eva2_Dec_2017,2.30908432454,3.3803581906299995
ems_4hC_689_0001.pdb,ladder_312,PVEELAKKIVQAYKENDKEKAKTLFKQIQSSPEKDKFNKLSQSDDESAEDFKKAYEIAK,Eva2_Dec_2017,2.24380136502,2.47620921505
ems_4hC_1933_0002.pdb,ladder_313,DEEEARRIKEKAERMNNPEVSKVVEKAIQEKRVDELVKVFKDAKKKAPDDKQVLEIVLRYM,Eva2_Dec_2017,2.2951797525999997,4.30660613573
id_12737.kin_propCO_8.5_4.2_5.8_t0131_0012_0004_0001.pdb,ladder_314,KLVIVVVAKDSKILVIVTDTVTQHETQGEDNKHTKQWP,Eva2_Dec_2017,2.24723558135,3.1931674683
bp1_19.kin_propCO_8.0_3.4_1.2_t0086_0012_0004_0001.pdb,ladder_315,EVVILVITETILILIVTSSLKLINDHNLQVKIETSTA,Eva2_Dec_2017,0.295605848156,0.265598367543
ems_ferrM_3691_0001.pdb,ladder_316,SHVEIHVSKVDESVVKLLKKAVPDRVEQHGDTWTFYVTSDEGAKRVETAVRRLQDNIEVHKKE,Eva2_Dec_2017,0.353184345294,0.238358177557
ems_thioM_22_0001.pdb,ladder_317,SQSVVLVNTEPEQAKTLIKRDPNTVIVVVLTGTQAELEVHGKHVRVEGADEEVKKIAKEAAET,Eva2_Dec_2017,0.32277703273499997,0.290820387311
bGM_632_0001.pdb,ladder_318,AEIKVTVNANNETHDVEASSDEEVKKLADEWAKRHNAREWRVKDNREIEIQQ,Eva2_Dec_2017,0.15856217303,0.116703318624
ems_3hM_2113.pdb,ladder_319,DEEEEKIEKSIKTLAKSYKKNPDDHYKKLLETWQKRLEEIIRKATTEEQKKKAKTLIEILRKVM,Eva2_Dec_2017,3.4101252744200004,2.8116921917699997
ems_3hM_1871.pdb,ladder_320,DEEKIKKIVSRLKKEAKEKASTEEAKEIVERIIDHIKELLEKATTPEQQDKINKLAKKLIDNVA,Eva2_Dec_2017,3.24571854795,4.41036045014
bp1_6485.kin_propCO_8.0_5.8_12.5_t0113_0001_0004_0001.pdb,ladder_321,PVVVVVITEETYLVVLVTEQIHVYKVKPGKTVESDTYG,Eva2_Dec_2017,3.2599739843599997,2.11944449341
ems_4hM_4885_0001.pdb,ladder_322,DDSEKAQEAVKHASSGDPHAAKIVLDLVEKDPRAKDEVTKWVKSQGLEEVLKRILELAKKS,Eva2_Dec_2017,3.1715590441400003,4.28719965124
ems_4hM_2590_0001.pdb,ladder_323,DTEEVREAIKELSKYVPNVREVFKLRKDNVVEKVQKIATELVKQGYSPHEAVKIAATRVYKG,Eva2_Dec_2017,2.39435908118,0.557803135769
ems_3hC_1780_0002.pdb,ladder_324,DERKEKLSKRAKKLAEQAKKTQDPTKAEKLIKEAQKVVNELGDEELKKVVDSVKKYVEKLKS,Eva2_Dec_2017,2.67395682116,2.49861801614
ems_4hM_5297_0001.pdb,ladder_325,DTEEEVQKLVDKVAHASSLDEAKKIIQEVNKDPEQKRLFDEISEKDETAKKIVEKARKS,Eva2_Dec_2017,2.47845655694,4.43192127858
ems_3hM_174.pdb,ladder_326,DEDKEIKEKVKKYVKKLLNKNDPNAEEQVDKYITKLKKDVQDPRVRKLVDEAQKEAKTEVKS,Eva2_Dec_2017,2.35838180054,3.3442615973
ems_3hC_617.pdb,ladder_327,NEEEKKKAKKLLDEAKKLADQISNDDLRKKAQSLVEKARKIDDPNVAKKVYKIVKTIYERVQS,Eva2_Dec_2017,5.12212318303,4.95282831826
id_12980.kin_propCO_7.5_3.4_1.2_t0063_0009_0005_0001.pdb,ladder_328,DIVVVVVTDGTVLVIKVDGSVEVYQVKDGKVEKKVDVK,Eva2_Dec_2017,5.09245675103,4.25374567542
ems_3hM_3647.pdb,ladder_329,DLEKEAKTVVTLLKRLKKQVQDPTLKKQVDEVAKSVETAVKKKDEDKIKKLVDEAKKLIKLV,Eva2_Dec_2017,5.1633239371699995,5.05462751022
ems_3hM_965.pdb,ladder_330,DEVEKWATTVASIYIEAKKKNNEELKKKAEKVYKTVTKRLSKNPELQKKFDTIVKQLRKSS,Eva2_Dec_2017,5.17866726089,4.11215938268
ems_3hM_1452.pdb,ladder_331,DHWTDELTTKAKQLVEKATKDPSYREEAEKEIEKLLEIATKLNDETAQKLIKKILKLLRKLA,Eva2_Dec_2017,4.313051226640001,5.02380693961
p1-14H-GBL-16H-GABBL-15H_0064_0001_0001_0001.pdb,ladder_332,DAKEVKKLLTKAERRGNEEAARVARKLLRLLQEGNADKEQRDKAETKLKRLIS,Eva2_Dec_2017,4.1872496224599995,4.30374355754
ems_3hC_1773_0002.pdb,ladder_333,SEEDEKYLKKVKKEVKEKFSDPNKSSTAQKLVETAWQQASSPEEAKKMIQTLLTQLDQSD,Eva2_Dec_2017,4.30231162716,4.46222315264
ems_3hC_1225.pdb,ladder_334,DEKEKHVKNLLKKATKAVKDGDSDKVKDLVRLLEEVVKSHPDDSSADLARKAIEIIRKLLKS,Eva2_Dec_2017,4.3519731869400005,4.38898076459
id_10397.kin_propCO_8.5_4.2_5.8_t0130_0005_0009_0001.pdb,ladder_335,PVNVVVVVDGTVYVIHVSEKVHISTIQNNQIETRTYG,Eva2_Dec_2017,4.13469301621,3.1863177471599995
bp1_8973.kin_propCO_8.0_47.6_-3.3_t0093_0001_0004_0001.pdb,ladder_336,PVVVLVVDSQGQTVLQVTETRTVTTKKPGNQKETETEE,Eva2_Dec_2017,4.04120927382,4.066449518430001
ems_3hC_738.pdb,ladder_337,SDEELDKLKKEAQDLKKKLTNPEARKVVSEAEEVVSKAKKHQDPNLEERARRLIELAKKLD,Eva2_Dec_2017,3.55577519359,4.33302562942
bp1_2307.kin_propCO_6.5_-5.9_26.5_t0204_0003_0005_0001.pdb,ladder_338,PVAVVVVADGTIFVVFVDNGIKVLSVQPKGEQHTIQLG,Eva2_Dec_2017,4.116883291090001,2.27168172597
ems_thioM_222_0001.pdb,ladder_339,TKKVEVVGATPETAKEINKKYPEVEVHVKPGDQLQVTVDGNTVQFDIPEQVDEFVKKVAE,Eva2_Dec_2017,1.25843043386,3.2369599331299996
id_10141.kin_propCO_8.5_4.2_5.8_t0134_0002_0008_0001.pdb,ladder_340,PVIVVVVTKDSVVVVEISSQFRVQEYTERTVKTVTVG,Eva2_Dec_2017,1.16122113916,2.1406834454299997
ems_4hM_4026_0001.pdb,ladder_341,DEEEKVVKTATEYVSKVFDPSASKYVHKYVKTEQSKVTETLKKQGRSPEELAQELAKKAES,Eva2_Dec_2017,1.27543335734,2.57821066032
id_10978.kin_propCO_7.5_3.8_-3.4_t0073_0002_0007_0001.pdb,ladder_342,PIVVLVVDSHQEVEITVTEKKKRTTHQNTSTERHSKED,Eva2_Dec_2017,1.22358196866,3.2835260099799997
ems_thioM_973.pdb,ladder_343,ITVQVFVSDPSVADEVQKIVPSVEVEKYKTDEPKVTVTKDGHTETYSASSVEEVKELVKKLS,Eva2_Dec_2017,0.514057649385,0.5914144737979999
ems_4hC_2061_0001.pdb,ladder_344,DKTKEVTKQLQKVADLINDPDAKEVAQKWVESDTDTAEQLAHELQNDPEKAAKVLSSLK,Eva2_Dec_2017,1.3661657457700003,0.638442866586
ems_ferrM_1120_0001.pdb,ladder_345,ATVHVWGADPRKVTEAGKKAQVEVHVKGSQIDIHLDNPEQAKKFSKLVEQAGAEKWEVHM,Eva2_Dec_2017,0.596769410655,0.514190536426
p1-14H-GBL-16H-GABBL-15H_0342_0001_0001_0002.pdb,ladder_346,SAEYFKKAIKIARKLGDEKLVKELEKAAKKAKKGELSPEQQKKLSEKFKELSK,Eva2_Dec_2017,4.2890987844,0.610121540887
id_13721.kin_propCO_7.0_3.4_1.2_t0039_0022_0006_0001.pdb,ladder_347,KVVVVVVTSEAIYIVVVDNGLRIVTIKPGGQLEDQEAH,Eva2_Dec_2017,3.32406624985,2.21326107437
bp1_57.kin_propCO_7.0_-0.2_-5.4_t0029_0003_0003_0001.pdb,ladder_348,PALVLLSKSGTLYFVINNTHRTEENGQQKQEDHPE,Eva2_Dec_2017,3.11051688217,2.01935364762
p1-15H-GBL-16H-GBL-16H_0039_0001_0001_0002.pdb,ladder_349,TIEEELKKLKKKAKKKGDEKALKVLRKAEKAYKDGDEKTLKKLIKLAKELLDS,Eva2_Dec_2017,4.38700723243,2.23757675977
p1-14H-GBL-16H-GBL-14H_0419_0001_0001_0002.pdb,ladder_350,SKEAIKRLYKKAKKRGNEKVLKVLRKAKKALDSGDEETARKLLKLARKLD,Eva2_Dec_2017,4.299723480880001,2.14034407486
ems_3hC_595.pdb,ladder_351,SRVSEIASHFSELIKEAKKNKDSETAQRLVDSARKVAEKLGDEELKELVKELQKLVEDVKNG,Eva2_Dec_2017,2.31579657596,5.43147589354
ems_ferrM_997_0001.pdb,ladder_352,REVRITVNADPTLVTEVAKNANAEVREKDGLVTLHLWDVPEEHARRVSELLKKFVGVPVELEIR,Eva2_Dec_2017,4.24775384829,5.434072594809999
ems_3hC_479.pdb,ladder_353,DEDYEKSVDTEATKASKKLSKSPEVVKKVQTLAEKVKELYRRGDEESAKKWLDTLRKLVSKLAS,Eva2_Dec_2017,2.6054484431900002,5.38906201665
ems_3hM_1072.pdb,ladder_354,DHEEEARKIAKTFLDLASKVKDEDKVRTLLTQLEQIARSLDNPVLKELVERVKKTVKKLK,Eva2_Dec_2017,2.53773997206,5.45507408253
ems_f2_623.pdb,ladder_355,DEELAKKLKKEGKLREVITGKVIVIKSDEKIYVLQIKDGQKRTIEVDSEEQAKKLYKEAKS,Eva2_Dec_2017,0.477813643889,0.43309592710600003
p1-15H-GBL-16H-GABBL-16H_0378_0001_0001_0001.pdb,ladder_356,DPKKLAKKAKKIARKKGDERVEKAVEKILRLLKKGDIDPREAEKRLRDILRQAKS,Eva2_Dec_2017,0.248163249388,0.23994274146400002
ems_4hC_3262.pdb,ladder_357,DEEDIAKTAVEEASKAQTDEESSSIVKSAVNNADERIVETWLRRVLDESQVQKVTSLIRSS,Eva2_Dec_2017,0.24671996054,0.167978009802
ems_3hM_3437.pdb,ladder_358,DPEIEKISKEVKKILEKIVKRDDPTIVSRAKSKVEEAARRAQSPEEAKELAKKIQEEVKKRVS,Eva2_Dec_2017,0.309826032003,0.241775675079
ems_4hM_502_0001.pdb,ladder_359,DETEIEQTISKLLKKLGAERAVELLKEQSKSGTAISEIRTKAQRDPDALRRIVETLAKWD,Eva2_Dec_2017,2.2483233665799998,3.31400666013
ems_3hM_3316.pdb,ladder_360,TDEEKLRTLQKQVEEKIKKDPSALERVQRTVRTIIKKARENNDPKEEKIADSLLKWAQKVYED,Eva2_Dec_2017,2.34235390109,3.31682761024
id_13900.kin_propCO_8.0_-0.2_-5.4_t0079_0042_0007_0001.pdb,ladder_361,SVNVVVAVDGRIIVVIYTEKLTVLEVHPEGKVQQVDIG,Eva2_Dec_2017,3.23818338878,3.2709571074699997
p1-14H-GBL-16H-GABBL-15H_0066_0001_0001_0001.pdb,ladder_362,STKAARELLKLAREHGDEKAARIAKKLVKLAEKGLIDEDQVRKIVESIRKKLS,Eva2_Dec_2017,4.265609259750001,3.11981312852
ems_thioM_288_0001.pdb,ladder_363,MTLKLVNVDPREVHTLASKANVDEIRVDHKDEVEVTYNGKTETYKNVDAEQAKQIAKKAG,Eva2_Dec_2017,1.14978140109,2.34706840496
ems_4hC_2929_0002.pdb,ladder_364,PELQKIATTAVRKYTNNEEEEKIVQKVATIDKELAKKLEELTKTLDDSQAAEIVLKEWKEK,Eva2_Dec_2017,2.23503564687,2.55586357057
bGM_227_0001.pdb,ladder_365,TVTIDVDFNGLKVKVDVDQDPDNAKKAVTKIAANAGHPVREVHVSGNRVELTVG,Eva2_Dec_2017,1.18671073323,2.38392808006
ems_ferrC_397.pdb,ladder_366,PEVTVEVTDVSPELVDKVRKVVNAPLEVRHNGRRVELHIKNADHKVAELVKRVLNAPEVEVHVK,Eva2_Dec_2017,0.415405148059,2.4059814085299998
ems_4hM_3604.pdb,ladder_367,DLTKKLKKIADEIKKEDPTLSKVLKDALKSDPEKVSKTVETISKQLQLDDSQAAKIVAEQLRKS,Eva2_Dec_2017,3.0876044792000004,5.1354239502
ems_3hM_1660.pdb,ladder_368,PEIEKKVRTLLKKAQDLFKSNQIDDETVKDILRKAKELADKANDEEVKKLVDTVKKEIENSKK,Eva2_Dec_2017,4.4008652249099995,5.10115896552
ems_3hC_820_0001.pdb,ladder_369,SEEEKKKLEKKVETLAKQIARADDPNKRKTLETLARQLINSVPDEDQARKLEKLFKKVLSDAS,Eva2_Dec_2017,4.526656014459999,5.10410416094
ems_3hM_1251.pdb,ladder_370,DETKKLVTEAEKLVKLAKKVPDPDIQRLAEELEKLLKEATKKNDTETIKKIWEKAKEVVEKG,Eva2_Dec_2017,4.86256146993,5.13331823313
ems_3hC_690_0001.pdb,ladder_371,DPESDAKRIATELATLYKKLPPEESEKVKRTAKTIADRLESSPDPNDKKKAKIIKEVFKKLAS,Eva2_Dec_2017,3.1821278595200004,4.29886309103
ems_3hM_2062.pdb,ladder_372,DEDELKKTVETLARRAKNAEDEKELRTLQSLIEEILRKAQSEELRKLAEKLLKEVRNNS,Eva2_Dec_2017,4.27711013024,4.26458828388
ems_ferrM_3764_0001.pdb,ladder_373,PTVTFEGADPTQAKLISKLVGRPVEIQDHNGLIRVTIPADKSQVETAAKIAGTDVEQKP,Eva2_Dec_2017,2.3648596022299997,4.25768949625
ems_3hM_417.pdb,ladder_374,SPEDYEKEAKKLLKEAVDKNDPELAKKIIKTVSEEVKKHASDEEVKRVKKNLETIFKQLM,Eva2_Dec_2017,4.95389541673,4.4385968468699994
ems_4hM_870_0001.pdb,ladder_375,NPQDEASKLVKDAIPDPNQVSSVTKLLKDYPEKAKELYTKVKHASSKEEAAKVVQSVANS,Eva2_Dec_2017,2.38046308203,4.13146791424
ems_ferrM_7283.pdb,ladder_376,QVTIEVHVDNVEEVKKAVKKVNAEVHVDGKTVHVTVDNPELADKLSKLVSEVGAEVHKKES,Eva2_Dec_2017,2.31885139597,4.12654681802
ems_ferrM_6895.pdb,ladder_377,SVTVKVTVDDPRIARSVAKYANVEYHEKQHGDKYTVELHGASPEISEQIKRTFPSAEVHVETD,Eva2_Dec_2017,3.34725356005,4.09668786371
ems_4hM_3571_0001.pdb,ladder_378,DDTEDIKRFITEVKKRFDPRAAEYLEKTLKKASEEEARKLLEKLQKDEKHLREFMTEAYKQG,Eva2_Dec_2017,3.23839592943,4.09972403065
p1-15H-GBL-16H-GBL-16H_0039_0001_0001_0001.pdb,ladder_379,TIEEELKKLKKKAKKKGKEKALKVLRKAEKAYKDGDEKTLKKLIKLAKELLES,Eva2_Dec_2017,4.2865179190300005,1.37983421477
ems_ferrM_2743_0001.pdb,ladder_380,PTVHVTLWNADPRAAKYIADWVGKARLETKPGNQGHIEVHGVPQEVVETLARQMGIKVEVHQY,Eva2_Dec_2017,1.37827000442,1.20729028826
ems_ferrM_3327_0001.pdb,ladder_381,SKYTVTILTDDSSVAEKAAKAVNAEELHTENNKIFHITGDDTREAEKVARSAGVKDVEVKEVP,Eva2_Dec_2017,0.591415881495,1.31847822338
ems_thioFL2_181.pdb,ladder_382,SKVTFWNADPRVVKEVEKRLPIQVEVKPDDKYTVQVDDYRVTLDNVDPNQLAEIAERLVS,Eva2_Dec_2017,0.650283833551,1.16422879656
